{
    "accuracy": 0.7719933457285448,
    "macro_f1_score": 0.7225578802119752
}